761	Respuesta: x = −2 o x = −4
762	Pasa la constante: x² + 6x = {{}}
763	La mitad de 6 es 3, y al cuadrado es {{}}; súmalo a ambos lados: (x + 3)² = {{}}
764	Saca la raíz cuadrada de ambos lados: x + 3 = ±{{}}
765	x = -2 o x = -4
766	x = 5  o  x = 3
767	Pasa la constante: x² − 8x = −15
768	La mitad de −8 es −4, y al cuadrado es 16; súmalo a ambos lados: (x − 4)² = 1
769	Saca la raíz cuadrada de ambos lados: x − 4 = ±1
770	Respuesta: x = 5 o x = 3
771	Pasa la constante: x² − 8x = {{}}
772	La mitad de −8 es −4, y al cuadrado es {{}}; súmalo a ambos lados: (x − 4)² = {{}}
773	Saca la raíz cuadrada de ambos lados: x − 4 = ±{{}}
774	x = 5 o x = 3
775	x = 2  o  x = −4
776	Pasa la constante: x² + 2x = 8
777	La mitad de 2 es 1, y al cuadrado es 1; súmalo a ambos lados: (x + 1)² = 9
778	Saca la raíz cuadrada de ambos lados: x + 1 = ±3
779	Respuesta: x = 2 o x = −4
780	Pasa la constante: x² + 2x = {{}}
781	La mitad de 2 es 1, y al cuadrado es {{}}; súmalo a ambos lados: (x + 1)² = {{}}
782	Saca la raíz cuadrada de ambos lados: x + 1 = ±{{}}
783	x = 2 o x = -4
784	x² + 2x − 1 = 0  (deja un √ en la respuesta)
785	Pasa la constante: x² + 2x = 1
786	La mitad de 2 es 1, y al cuadrado es 1; súmalo a ambos lados: (x + 1)² = 2
787	Saca la raíz cuadrada de ambos lados; 2 no es un cuadrado perfecto, así que deja el radical: x + 1 = ±√2
788	Respuesta: x = −1 ± √2
789	Paso 3 (2 no es un cuadrado perfecto: deja el radical)
790	Saca la raíz cuadrada de ambos lados: x + 1 = ±√{{}}
791	x = 1  o  x = −5
792	Pasa la constante: x² + 4x = 5
793	La mitad de 4 es 2, y al cuadrado es 4; súmalo a ambos lados: (x + 2)² = 9
794	Saca la raíz cuadrada de ambos lados: x + 2 = ±3
795	Respuesta: x = 1 o x = −5
796	x = 4  o  x = −2
797	Pasa la constante: x² − 2x = 8
798	La mitad de −2 es −1, y al cuadrado es 1; súmalo a ambos lados: (x − 1)² = 9
799	Saca la raíz cuadrada de ambos lados: x − 1 = ±3
800	Respuesta: x = 4 o x = −2
801	x = −1  o  x = −7
802	Pasa la constante: x² + 8x = −7
803	La mitad de 8 es 4, y al cuadrado es 16; súmalo a ambos lados: (x + 4)² = 9
804	Saca la raíz cuadrada de ambos lados: x + 4 = ±3
805	Respuesta: x = −1 o x = −7
806	x = 5  o  x = 1
807	Pasa la constante: x² − 6x = −5
808	La mitad de −6 es −3, y al cuadrado es 9; súmalo a ambos lados: (x − 3)² = 4
809	Saca la raíz cuadrada de ambos lados: x − 3 = ±2
810	Respuesta: x = 5 o x = 1
811	x = 3  o  x = −5
812	Pasa la constante: x² + 2x = 15
813	La mitad de 2 es 1, y al cuadrado es 1; súmalo a ambos lados: (x + 1)² = 16
814	Saca la raíz cuadrada de ambos lados: x + 1 = ±4
815	Respuesta: x = 3 o x = −5
816	Pasa la constante: x² − 4x = 12
817	La mitad de −4 es −2, y al cuadrado es 4; súmalo a ambos lados: (x − 2)² = 16
818	Saca la raíz cuadrada de ambos lados: x − 2 = ±4
819	x² + 2x − 4 = 0  (deja un √ en la respuesta)
820	Pasa la constante: x² + 2x = 4
821	La mitad de 2 es 1, y al cuadrado es 1; súmalo a ambos lados: (x + 1)² = 5
822	Saca la raíz cuadrada de ambos lados (no es un cuadrado perfecto, así que deja el √): x + 1 = ±√5
823	Respuesta: x = −1 ± √5
824	x² − 4x − 1 = 0  (deja un √ en la respuesta)
825	Pasa la constante: x² − 4x = 1
826	La mitad de −4 es −2, y al cuadrado es 4; súmalo a ambos lados: (x − 2)² = 5
827	Saca la raíz cuadrada de ambos lados (no es un cuadrado perfecto, así que deja el √): x − 2 = ±√5
828	Respuesta: x = 2 ± √5
829	La fórmula cuadrática
830	El único método que resuelve CUALQUIER ecuación cuadrática, incluso las que no se factorizan fácilmente.
831	Escribe la ecuación como ax² + bx + c = 0 e identifica a, b y c (¡fíjate en los signos!). Sustitúyelos en x = (−b ± √(b² − 4ac)) / (2a) y simplifica con cuidado, una parte a la vez.
832	Discriminante
833	La parte que está debajo de la raíz cuadrada en la fórmula cuadrática, b² − 4ac.
834	Para x² + 3x − 10 = 0, el discriminante es 9 + 40 = 49.
835	Usar la fórmula
836	<div class='ex-legend'><span class='ex-purple'>MORADO</span> = a, b, c, <span class='ex-blue'>AZUL</span> = el discriminante, <span class='ex-red'>ROJO</span> = la respuesta</div>
837	<span class='step-label'>Paso 1:</span> Identifica <span class='ex-purple'>a, b, c</span>: 2x² + 5x − 3 = 0 → a=2, b=5, c=−3
838	<span class='step-label'>Paso 2:</span> Halla el <span class='ex-blue'>discriminante</span>: b²−4ac = 25−(4)(2)(−3) = <span class='ex-blue'>49</span>, √49 = 7
839	<span class='step-label'>Paso 3:</span> Sustituye en x = <span class='frac'><span class='frac-num'>−b ± √(b²−4ac)</span><span class='frac-den'>2a</span></span> = <span class='frac'><span class='frac-num'>−5 ± 7</span><span class='frac-den'>4</span></span>
840	<span class='step-label'>Paso 4:</span> Respuesta: <span class='ex-red'>x = 0.5 o x = −3</span>
841	<span class='step-label'>Paso 1:</span> Identifica <span class='ex-purple'>a, b, c</span>: x² − x − 6 = 0 → a=1, b=−1, c=−6
842	<span class='step-label'>Paso 2:</span> Halla el <span class='ex-blue'>discriminante</span>: 1−4(1)(−6) = <span class='ex-blue'>25</span>, √25 = 5
843	<span class='step-label'>Paso 3:</span> Sustituye: x = <span class='frac'><span class='frac-num'>1 ± 5</span><span class='frac-den'>2</span></span>
844	<span class='step-label'>Paso 4:</span> Respuesta: <span class='ex-red'>x = 3 o x = −2</span>
845	<div class='ex-notice'>Fíjate: el discriminante azul debajo del √ te dice cómo se separa el ±; simplifícalo por completo antes de dividir.</div>
846	Cuando el discriminante no es un cuadrado perfecto
847	<span class='step-label'>Paso 1:</span> Identifica a, b, c: x² + 2x − 2 = 0 → a=1, b=2, c=−2
848	<span class='step-label'>Paso 2:</span> Halla el discriminante: b²−4ac = 4+8 = 12; no es un cuadrado perfecto, así que simplifica el radical: √12 = 2√3
849	<span class='step-label'>Paso 3:</span> Sustituye: x = (−2 ± 2√3) / 2 = −1 ± √3
850	<span class='step-label'>Paso 4:</span> Respuesta: <span class='ex-red'>x = −1 ± √3</span>
851	<div class='ex-notice'>Fíjate: cuando el discriminante no es un cuadrado perfecto, simplifica su radical (como √12 = 2√3) y reduce la fracción; no lo redondees a un decimal.</div>
852	x = 4  o  x = −3
853	Discriminante: 1 + 48 = 49, √49 = 7
854	Respuesta: x = 4 o x = −3
855	Discriminante: b² − 4ac = {{}}, así que su √ = {{}}
856	x = 4 o x = -3
857	x = 3  o  x = −0.5
858	Discriminante: 25 + 24 = 49, √49 = 7
859	Respuesta: x = 3 o x = −0.5
860	x = 3 o x = -0.5
861	x = 4  o  x = −5
862	Discriminante: 1 + 80 = 81, √81 = 9
863	Respuesta: x = 4 o x = −5
864	x = 4 o x = -5
865	x² + 4x + 2 = 0  (deja un √ en la respuesta)
866	Discriminante: b² − 4ac = 16 − 8 = 8; no es un cuadrado perfecto, así que simplifica: √8 = 2√2
867	Respuesta: x = −2 ± √2
868	Discriminante: b² − 4ac = {{}}
869	Paso 3 (simplifica el radical)
870	x = 2  o  x = −5
871	Discriminante: b²−4ac = 9 + 40 = 49, √49 = 7
872	Respuesta: x = 2 o x = −5
873	x = 3  o  x = 0.5
874	Discriminante: b²−4ac = 49 − 24 = 25, √25 = 5
875	Respuesta: x = 3 o x = 0.5
876	x = 3  o  x = 2
877	Discriminante: b²−4ac = 25 − 24 = 1, √1 = 1
878	Respuesta: x = 3 o x = 2
879	x = 1/3  o  x = −1
880	Discriminante: b²−4ac = 4 + 12 = 16, √16 = 4
881	Respuesta: x = 1/3 o x = −1
882	x = −2  o  x = −5
883	Discriminante: b²−4ac = 49 − 40 = 9, √9 = 3
884	Respuesta: x = −2 o x = −5
885	x = 1  o  x = −2.5
886	Respuesta: x = 1 o x = −2.5
887	x² + 4x + 1 = 0  (deja un √ en la respuesta)
888	Discriminante: b²−4ac = 16 − 4 = 12, √12 = 2√3
889	Respuesta: x = −2 ± √3
890	2x² − 4x − 1 = 0  (deja un √ en la respuesta)
891	Discriminante: b²−4ac = 16 + 8 = 24, √24 = 2√6
892	Respuesta: x = (2 ± √6) / 2
893	Problemas verbales de varios pasos
894	Aquí es donde el álgebra se vuelve útil: convertir una situación real en una ecuación es el verdadero objetivo.
895	Define una variable para lo desconocido. Traduce las palabras a una ecuación pieza por pieza ("% de descuento" significa multiplicar por (1 − la tasa); los enteros consecutivos son x, x+1, x+2…). Resuelve la ecuación y luego verifica que estés respondiendo la pregunta que realmente se hace.
896	Enteros consecutivos
897	Números enteros que van uno detrás de otro.
898	5, 6, 7 son enteros consecutivos.
899	Interés simple
900	Interés calculado solo sobre la cantidad original, usando I = Prt (capital × tasa × tiempo).
901	$500 al 4% durante 3 años ganan $60.
902	Porcentaje de descuento
903	<div class='ex-legend'><span class='ex-purple'>MORADO</span> = el porcentaje que realmente pagas, <span class='ex-blue'>AZUL</span> = el precio original, <span class='ex-red'>ROJO</span> = la respuesta</div>
904	<span class='step-label'>Paso 1:</span> Una chaqueta de $50 tiene 20% de descuento → pagas el <span class='ex-purple'>80%</span> del precio
905	<span class='step-label'>Paso 2:</span> Precio de oferta = <span class='ex-blue'>50</span> × 0.80
906	<span class='step-label'>Paso 3:</span> Respuesta: <span class='ex-red'>$40</span>
907	<div class='ex-notice'>Fíjate: "X% de descuento" significa que PAGAS (100 − X)%, no X%; es un error muy común.</div>
908	<span class='step-label'>Paso 1:</span> Sean <span class='ex-purple'>x, x+1</span> los dos enteros consecutivos
909	<span class='step-label'>Paso 2:</span> Traduce "la suma es 25" a una ecuación: <span class='ex-blue'>x + (x+1) = 25</span>
910	<span class='step-label'>Paso 3:</span> Resuelve: 2x + 1 = 25 → 2x = 24 → x = 12
911	<span class='step-label'>Paso 4:</span> Respuesta: <span class='ex-red'>los enteros son 12 y 13</span>
912	Una chaqueta de $60 tiene 30% de descuento. ¿Cuál es el precio de oferta?
913	30% de descuento significa que pagas el 70% del precio original.
914	Precio de oferta = 60 × 0.70
915	Respuesta: $42
916	30% de descuento significa que pagas el {{}}% del precio original
917	Precio de oferta = 60 × 0.70 = {{}}
918	El sueldo sube de $10 a $13. ¿Cuál es el porcentaje de aumento?
919	Porcentaje de aumento = (nuevo − viejo) ÷ viejo
920	Respuesta: 30%
921	Escríbelo como porcentaje: {{}}
922	$800 al 5% de interés simple durante 2 años. ¿Cuánto interés se gana?
923	Interés simple = capital × tasa × tiempo
924	Respuesta: $80
925	Dos enteros consecutivos suman 35. Encuéntralos.
926	Sean x, x+1 los dos enteros consecutivos.
927	Traduce "la suma es 35": x + (x+1) = 35
928	Resuelve: 2x + 1 = 35 → 2x = 34 → x = 17
929	Respuesta: 17, 18
930	Traduce "la suma es 35": x + (x+1) = {{}}
931	Resuelve: 2x + 1 = 35 → 2x = 34 → x = {{}}
932	El siguiente entero es 17 + 1 = {{}}
933	Una camisa de $40 tiene 25% de descuento. ¿Cuál es el precio de oferta?
934	25% de descuento significa que pagas el 75% del precio original.
935	Precio de oferta = 40 × 0.75
936	Respuesta: $30
937	El sueldo sube de $12 a $15. ¿Cuál es el porcentaje de aumento?
938	Respuesta: 25%
939	Un carro recorre 180 mi en 3 h. A ese ritmo, ¿qué distancia recorre en 5 h?
940	300 millas
941	Halla la velocidad: 180 ÷ 3 = 60 mi/h
942	Multiplica la velocidad por el nuevo tiempo: 60 × 5
943	Respuesta: 300 millas
944	Tres enteros consecutivos suman 72. Encuéntralos.
945	Sean x, x+1, x+2 los tres enteros.
946	Respuesta: 23, 24, 25
947	Dos enteros PARES consecutivos suman 54. Encuéntralos.
948	Sean x, x+2 los dos enteros pares.
949	Respuesta: 26, 28
950	$500 al 4% de interés simple durante 3 años. ¿Cuánto interés se gana?
951	Respuesta: $60
952	Gráfica de ecuaciones lineales
953	Convierte una ecuación en una imagen, para que veas de un vistazo qué tan empinada es y dónde empieza; es la forma más rápida de comparar dos situaciones.
954	Pon la ecuación en la forma pendiente-intercepto, y = mx + b. Marca primero el intercepto con y (b), que es donde la recta cruza el eje y. Desde ese punto, usa la pendiente (m = subida/avance) para contar un segundo punto: sube o baja, y luego avanza a la derecha. Una recta que pase por los dos puntos es tu gráfica.
955	Pendiente
956	Qué tan empinada es una recta: la razón entre el cambio vertical (subida) y el cambio horizontal (avance).
957	Una pendiente de 3/4 significa subir 3 y avanzar 4.
958	Intercepto con y
959	El punto donde una recta cruza el eje y, donde x = 0.
960	En y = 2x + 5, el intercepto con y es 5.
961	Leer la pendiente y el intercepto con y
962	<div class='ex-legend'><span class='ex-purple'>MORADO</span> = la pendiente (m), <span class='ex-blue'>AZUL</span> = el intercepto con y (b), <span class='ex-red'>ROJO</span> = la respuesta</div>
963	<span class='step-label'>Paso 1:</span> y = 3x − 4 ya está en la forma y = mx + b
964	<span class='step-label'>Paso 2:</span> El número que multiplica a x es la pendiente: <span class='ex-purple'>m = 3</span>
965	<span class='step-label'>Paso 3:</span> El número que se suma o se resta solo es el intercepto con y: <span class='ex-blue'>b = −4</span>
966	<span class='step-label'>Paso 4:</span> Respuesta: <span class='ex-red'>m = 3, b = −4</span>
967	<div class='ex-notice'>Fíjate: lo que multiplica a x es la pendiente; lo que está solo es el intercepto con y.</div>
968	Graficar a partir de la pendiente y el intercepto
969	<span class='step-label'>Paso 1:</span> Para y = <span class='ex-purple'>2/3</span>x + <span class='ex-blue'>1</span>, empieza en el intercepto con y: marca el punto <span class='ex-blue'>(0, 1)</span>
970	<span class='step-label'>Paso 2:</span> La pendiente <span class='ex-purple'>2/3</span> significa subir 2 y avanzar 3 desde ese punto: (0+3, 1+2) = (3, 3)
971	<span class='step-label'>Paso 3:</span> Respuesta: un segundo punto de la recta es <span class='ex-red'>(3, 3)</span>
972	<div class='ex-notice'>Fíjate: el intercepto con y siempre es tu punto de partida; la pendiente te dice hacia dónde dar el paso desde ahí.</div>
973	Hallar la pendiente a partir de dos puntos
974	<span class='step-label'>Paso 1:</span> Para hallar la pendiente a partir de dos puntos, usa m = (cambio en y) ÷ (cambio en x)
975	<span class='step-label'>Paso 2:</span> Para (2, 1) y (5, 7): cambio en y = 7 − 1 = 6, cambio en x = 5 − 2 = 3
976	<span class='step-label'>Paso 3:</span> Respuesta: <span class='ex-red'>m = 6 ÷ 3 = 2</span>
977	<div class='ex-notice'>Fíjate: no importa cuál punto llames "primero"; solo resta las y y las x en el mismo orden.</div>
978	Halla la pendiente y el intercepto con y de y = 5x + 2. ###GRAPH:line;5,2;y = 5x + 2###
979	El número que multiplica a x es la pendiente.
980	El número que está solo es el intercepto con y.
